---
layout: "null"
---
<?xml version="1.0" encoding="utf-8"?>
<browserconfig>
    <msapplication>
        <tile>
            <square70x70logo src="{{ site.baseurl }}/lib/favicon/mstile-70x70.png"/>
            <square150x150logo src="{{ site.baseurl }}/lib/favicon/mstile-150x150.png"/>
            <square310x310logo src="{{ site.baseurl }}/lib/favicon/mstile-310x310.png"/>
            <wide310x150logo src="{{ site.baseurl }}/lib/favicon/mstile-310x150.png"/>
            <TileColor>#00aba9</TileColor>
        </tile>
    </msapplication>
</browserconfig>
